-- Insert statements for Branch
INSERT INTO Branch VALUES (1, 'Richard Branch', 'Williamshaven');
INSERT INTO Branch VALUES (2, 'Tucker Branch', 'Tammystad');
INSERT INTO Branch VALUES (3, 'Silva Branch', 'New Donald');
INSERT INTO Branch VALUES (4, 'Taylor Branch', 'New Laurenside');
INSERT INTO Branch VALUES (5, 'Mcgrath Branch', 'West Corey');
INSERT INTO Branch VALUES (6, 'Jones Branch', 'Thomasville');
INSERT INTO Branch VALUES (7, 'Gomez Branch', 'Cherylborough');
INSERT INTO Branch VALUES (8, 'Levy Branch', 'Ramoshaven');
INSERT INTO Branch VALUES (9, 'Green Branch', 'North Jenniferfurt');
INSERT INTO Branch VALUES (10, 'Page Branch', 'New Tristanmouth');
INSERT INTO Branch VALUES (11, 'Sanchez Branch', 'Janeland');
INSERT INTO Branch VALUES (12, 'Lee Branch', 'East Linda');
INSERT INTO Branch VALUES (13, 'Thomas Branch', 'Davismouth');
INSERT INTO Branch VALUES (14, 'Golden Branch', 'Rodriguezside');
INSERT INTO Branch VALUES (15, 'Carter Branch', 'New Marvinside');
INSERT INTO Branch VALUES (16, 'Harris Branch', 'Seanfurt');
INSERT INTO Branch VALUES (17, 'Stewart Branch', 'West Ivan');
INSERT INTO Branch VALUES (18, 'Underwood Branch', 'New Tinaview');
INSERT INTO Branch VALUES (19, 'Alvarez Branch', 'Lake Katherineberg');
INSERT INTO Branch VALUES (20, 'Mclean Branch', 'Lake Sandraside');
INSERT INTO Branch VALUES (21, 'Vega Branch', 'Aimeebury');
INSERT INTO Branch VALUES (22, 'Atkinson Branch', 'Rileymouth');
INSERT INTO Branch VALUES (23, 'Vasquez Branch', 'Christopherville');
INSERT INTO Branch VALUES (24, 'Tucker Branch', 'Meganbury');
INSERT INTO Branch VALUES (25, 'Smith Branch', 'Davebury');
INSERT INTO Branch VALUES (26, 'Watson Branch', 'West Ronald');
INSERT INTO Branch VALUES (27, 'Brown Branch', 'Port Heidi');
INSERT INTO Branch VALUES (28, 'Williams Branch', 'North Davidborough');
INSERT INTO Branch VALUES (29, 'Obrien Branch', 'South Christopherville');
INSERT INTO Branch VALUES (30, 'Johnson Branch', 'East Susanburgh');
INSERT INTO Branch VALUES (31, 'Robbins Branch', 'Clarkton');
INSERT INTO Branch VALUES (32, 'Giles Branch', 'New Ronaldville');
INSERT INTO Branch VALUES (33, 'Huff Branch', 'East Charlesport');
INSERT INTO Branch VALUES (34, 'Bell Branch', 'North William');
INSERT INTO Branch VALUES (35, 'Williams Branch', 'Lake Vanessaborough');
INSERT INTO Branch VALUES (36, 'Green Branch', 'Masseyshire');
INSERT INTO Branch VALUES (37, 'Jackson Branch', 'Port Brian');
INSERT INTO Branch VALUES (38, 'Lowe Branch', 'West Alyssa');
INSERT INTO Branch VALUES (39, 'Wilson Branch', 'Wadetown');
INSERT INTO Branch VALUES (40, 'Ruiz Branch', 'Mcculloughhaven');
INSERT INTO Branch VALUES (41, 'Lowery Branch', 'Paulview');
INSERT INTO Branch VALUES (42, 'Hernandez Branch', 'South Judithmouth');
INSERT INTO Branch VALUES (43, 'Stevenson Branch', 'Dennisfort');
INSERT INTO Branch VALUES (44, 'Bell Branch', 'Emilyshire');
INSERT INTO Branch VALUES (45, 'Arroyo Branch', 'Lake Kyle');
INSERT INTO Branch VALUES (46, 'Goodman Branch', 'North Brookemouth');
INSERT INTO Branch VALUES (47, 'Moore Branch', 'Lake Shane');
INSERT INTO Branch VALUES (48, 'Page Branch', 'Johnsonshire');
INSERT INTO Branch VALUES (49, 'Barnes Branch', 'East Seanview');
INSERT INTO Branch VALUES (50, 'Miles Branch', 'Rosefort');
INSERT INTO Branch VALUES (51, 'Odonnell Branch', 'North Troyport');
INSERT INTO Branch VALUES (52, 'Monroe Branch', 'Port Mackenziechester');
INSERT INTO Branch VALUES (53, 'Lopez Branch', 'Port Jessicatown');
INSERT INTO Branch VALUES (54, 'Morales Branch', 'Stewartborough');
INSERT INTO Branch VALUES (55, 'Smith Branch', 'Port Emmaville');
INSERT INTO Branch VALUES (56, 'Lee Branch', 'Port Kevin');
INSERT INTO Branch VALUES (57, 'Barker Branch', 'North Thomas');
INSERT INTO Branch VALUES (58, 'Livingston Branch', 'North Joshuamouth');
INSERT INTO Branch VALUES (59, 'Marsh Branch', 'Port Jonathanhaven');
INSERT INTO Branch VALUES (60, 'Roth Branch', 'Darinberg');
INSERT INTO Branch VALUES (61, 'Ramirez Branch', 'North Billyview');
INSERT INTO Branch VALUES (62, 'Grant Branch', 'Sheenaton');
INSERT INTO Branch VALUES (63, 'Mathis Branch', 'Josephmouth');
INSERT INTO Branch VALUES (64, 'Bowman Branch', 'Monicaburgh');
INSERT INTO Branch VALUES (65, 'Clark Branch', 'Alanberg');
INSERT INTO Branch VALUES (66, 'Nelson Branch', 'Kristineland');
INSERT INTO Branch VALUES (67, 'Morgan Branch', 'North Josephberg');
INSERT INTO Branch VALUES (68, 'Holden Branch', 'Michaelside');
INSERT INTO Branch VALUES (69, 'Anderson Branch', 'South Jessicaton');
INSERT INTO Branch VALUES (70, 'Parker Branch', 'West Richardmouth');
INSERT INTO Branch VALUES (71, 'Evans Branch', 'North Annfort');
INSERT INTO Branch VALUES (72, 'Wells Branch', 'Davidville');
INSERT INTO Branch VALUES (73, 'Lyons Branch', 'Johnsonmouth');
INSERT INTO Branch VALUES (74, 'Navarro Branch', 'East Courtney');
INSERT INTO Branch VALUES (75, 'Bennett Branch', 'North Lindseyborough');
INSERT INTO Branch VALUES (76, 'Brady Branch', 'South Alanfurt');
INSERT INTO Branch VALUES (77, 'Hawkins Branch', 'Shanefort');
INSERT INTO Branch VALUES (78, 'Kramer Branch', 'South Christopher');
INSERT INTO Branch VALUES (79, 'Robinson Branch', 'Brendaburgh');
INSERT INTO Branch VALUES (80, 'Reynolds Branch', 'Dannytown');
INSERT INTO Branch VALUES (81, 'Leach Branch', 'Goodwinborough');
INSERT INTO Branch VALUES (82, 'Wilson Branch', 'Scottton');
INSERT INTO Branch VALUES (83, 'Shea Branch', 'New Dustin');
INSERT INTO Branch VALUES (84, 'Gonzalez Branch', 'Wardberg');
INSERT INTO Branch VALUES (85, 'Garcia Branch', 'Hernandezfurt');
INSERT INTO Branch VALUES (86, 'Little Branch', 'Richfort');
INSERT INTO Branch VALUES (87, 'Shelton Branch', 'Marthafort');
INSERT INTO Branch VALUES (88, 'Reid Branch', 'New Chelsea');
INSERT INTO Branch VALUES (89, 'Robinson Branch', 'Janicemouth');
INSERT INTO Branch VALUES (90, 'Meyers Branch', 'New Eddieview');
INSERT INTO Branch VALUES (91, 'Morrison Branch', 'Port Nicholas');
INSERT INTO Branch VALUES (92, 'Phillips Branch', 'Jonesland');
INSERT INTO Branch VALUES (93, 'Black Branch', 'North Jeffreyton');
INSERT INTO Branch VALUES (94, 'Turner Branch', 'Riveraburgh');
INSERT INTO Branch VALUES (95, 'Owen Branch', 'Schmitthaven');
INSERT INTO Branch VALUES (96, 'Reyes Branch', 'New Christopherhaven');
INSERT INTO Branch VALUES (97, 'Chang Branch', 'Lake Ronaldborough');
INSERT INTO Branch VALUES (98, 'Roberts Branch', 'Petersenfort');
INSERT INTO Branch VALUES (99, 'Bruce Branch', 'Lawsonbury');
INSERT INTO Branch VALUES (100, 'York Branch', 'Lake Nicoleburgh');

-- Insert statements for Customer
INSERT INTO Customer VALUES (1, 50, 'Kelly Cook', 'ACC100001');
INSERT INTO Customer VALUES (2, 98, 'Dennis Bryan DDS', 'ACC100002');
INSERT INTO Customer VALUES (3, 54, 'James Martin', 'ACC100003');
INSERT INTO Customer VALUES (4, 6, 'Cynthia Blair', 'ACC100004');
INSERT INTO Customer VALUES (5, 34, 'Tom Olson', 'ACC100005');
INSERT INTO Customer VALUES (6, 66, 'Steve Guzman', 'ACC100006');
INSERT INTO Customer VALUES (7, 63, 'Michael Patrick', 'ACC100007');
INSERT INTO Customer VALUES (8, 52, 'Andrew Owens', 'ACC100008');
INSERT INTO Customer VALUES (9, 39, 'Brian Osborne', 'ACC100009');
INSERT INTO Customer VALUES (10, 62, 'Kyle Anderson', 'ACC100010');
INSERT INTO Customer VALUES (11, 46, 'Michael Banks', 'ACC100011');
INSERT INTO Customer VALUES (12, 75, 'Richard Waters', 'ACC100012');
INSERT INTO Customer VALUES (13, 28, 'Antonio Haynes', 'ACC100013');
INSERT INTO Customer VALUES (14, 65, 'Taylor Santos', 'ACC100014');
INSERT INTO Customer VALUES (15, 18, 'Michelle Phillips', 'ACC100015');
INSERT INTO Customer VALUES (16, 37, 'Tina Hughes', 'ACC100016');
INSERT INTO Customer VALUES (17, 18, 'Patrick Rosario', 'ACC100017');
INSERT INTO Customer VALUES (18, 97, 'Mrs. Shannon Forbes', 'ACC100018');
INSERT INTO Customer VALUES (19, 13, 'James Watson', 'ACC100019');
INSERT INTO Customer VALUES (20, 80, 'Herbert Chen', 'ACC100020');
INSERT INTO Customer VALUES (21, 33, 'Stephanie Williams', 'ACC100021');
INSERT INTO Customer VALUES (22, 69, 'Alexander Meyer', 'ACC100022');
INSERT INTO Customer VALUES (23, 91, 'Sherri Hall', 'ACC100023');
INSERT INTO Customer VALUES (24, 78, 'Stacey Burton', 'ACC100024');
INSERT INTO Customer VALUES (25, 19, 'Kelly Hunter', 'ACC100025');
INSERT INTO Customer VALUES (26, 40, 'Brianna Snow', 'ACC100026');
INSERT INTO Customer VALUES (27, 13, 'Bradley Garcia', 'ACC100027');
INSERT INTO Customer VALUES (28, 94, 'Jason Moore', 'ACC100028');
INSERT INTO Customer VALUES (29, 10, 'Raven Jordan', 'ACC100029');
INSERT INTO Customer VALUES (30, 88, 'Jonathan Shields', 'ACC100030');
INSERT INTO Customer VALUES (31, 43, 'David Gomez', 'ACC100031');
INSERT INTO Customer VALUES (32, 61, 'Michael Reed', 'ACC100032');
INSERT INTO Customer VALUES (33, 72, 'Ronald Hall', 'ACC100033');
INSERT INTO Customer VALUES (34, 13, 'Kyle Thomas', 'ACC100034');
INSERT INTO Customer VALUES (35, 46, 'Matthew Dennis', 'ACC100035');
INSERT INTO Customer VALUES (36, 56, 'Nicole Carter', 'ACC100036');
INSERT INTO Customer VALUES (37, 41, 'Tasha Hall', 'ACC100037');
INSERT INTO Customer VALUES (38, 79, 'Jesse Woods', 'ACC100038');
INSERT INTO Customer VALUES (39, 82, 'Deanna Johnson', 'ACC100039');
INSERT INTO Customer VALUES (40, 27, 'George Woodward', 'ACC100040');
INSERT INTO Customer VALUES (41, 71, 'Shawn Tran', 'ACC100041');
INSERT INTO Customer VALUES (42, 62, 'Kevin Miller', 'ACC100042');
INSERT INTO Customer VALUES (43, 57, 'Elizabeth Bennett', 'ACC100043');
INSERT INTO Customer VALUES (44, 67, 'Calvin Walker', 'ACC100044');
INSERT INTO Customer VALUES (45, 34, 'Cynthia White', 'ACC100045');
INSERT INTO Customer VALUES (46, 8, 'Matthew Callahan', 'ACC100046');
INSERT INTO Customer VALUES (47, 71, 'Jennifer Park', 'ACC100047');
INSERT INTO Customer VALUES (48, 2, 'Edwin Butler', 'ACC100048');
INSERT INTO Customer VALUES (49, 12, 'Leslie Evans', 'ACC100049');
INSERT INTO Customer VALUES (50, 93, 'David Chen', 'ACC100050');
INSERT INTO Customer VALUES (51, 52, 'Kendra Bennett', 'ACC100051');
INSERT INTO Customer VALUES (52, 91, 'Victor Valenzuela', 'ACC100052');
INSERT INTO Customer VALUES (53, 86, 'Jacob Farley', 'ACC100053');
INSERT INTO Customer VALUES (54, 81, 'Cody Rodriguez', 'ACC100054');
INSERT INTO Customer VALUES (55, 1, 'Larry Moore', 'ACC100055');
INSERT INTO Customer VALUES (56, 79, 'Tanya Lopez', 'ACC100056');
INSERT INTO Customer VALUES (57, 64, 'Christopher Chung', 'ACC100057');
INSERT INTO Customer VALUES (58, 43, 'Joseph Kelly', 'ACC100058');
INSERT INTO Customer VALUES (59, 32, 'Angelica Fischer', 'ACC100059');
INSERT INTO Customer VALUES (60, 94, 'Ronald Cole', 'ACC100060');
INSERT INTO Customer VALUES (61, 42, 'Daniel Wilson', 'ACC100061');
INSERT INTO Customer VALUES (62, 91, 'Elizabeth Lynch', 'ACC100062');
INSERT INTO Customer VALUES (63, 9, 'Paul Davis', 'ACC100063');
INSERT INTO Customer VALUES (64, 25, 'Dr. Joshua Sullivan DDS', 'ACC100064');
INSERT INTO Customer VALUES (65, 73, 'Devin Barnett', 'ACC100065');
INSERT INTO Customer VALUES (66, 29, 'James Zamora', 'ACC100066');
INSERT INTO Customer VALUES (67, 31, 'Jill Francis', 'ACC100067');
INSERT INTO Customer VALUES (68, 19, 'Seth Chambers', 'ACC100068');
INSERT INTO Customer VALUES (69, 70, 'Bradley Jones', 'ACC100069');
INSERT INTO Customer VALUES (70, 58, 'Joseph Wilson', 'ACC100070');
INSERT INTO Customer VALUES (71, 12, 'Stephanie Gill', 'ACC100071');
INSERT INTO Customer VALUES (72, 11, 'Scott Campbell', 'ACC100072');
INSERT INTO Customer VALUES (73, 41, 'Joseph Clark', 'ACC100073');
INSERT INTO Customer VALUES (74, 66, 'Tyler Stephens', 'ACC100074');
INSERT INTO Customer VALUES (75, 63, 'Sue Ramirez', 'ACC100075');
INSERT INTO Customer VALUES (76, 14, 'Keith Taylor', 'ACC100076');
INSERT INTO Customer VALUES (77, 39, 'Bryan Morales', 'ACC100077');
INSERT INTO Customer VALUES (78, 71, 'Justin Evans', 'ACC100078');
INSERT INTO Customer VALUES (79, 38, 'Natalie Robinson', 'ACC100079');
INSERT INTO Customer VALUES (80, 91, 'Jonathan Vasquez DVM', 'ACC100080');
INSERT INTO Customer VALUES (81, 16, 'Charles Simpson', 'ACC100081');
INSERT INTO Customer VALUES (82, 71, 'Cindy Kelly', 'ACC100082');
INSERT INTO Customer VALUES (83, 43, 'Willie Mathis', 'ACC100083');
INSERT INTO Customer VALUES (84, 70, 'Melissa Miller', 'ACC100084');
INSERT INTO Customer VALUES (85, 27, 'Tammy Foster', 'ACC100085');
INSERT INTO Customer VALUES (86, 78, 'Brian Smith', 'ACC100086');
INSERT INTO Customer VALUES (87, 71, 'Martin Carter', 'ACC100087');
INSERT INTO Customer VALUES (88, 76, 'Brenda Berry', 'ACC100088');
INSERT INTO Customer VALUES (89, 37, 'Jeffrey Moran', 'ACC100089');
INSERT INTO Customer VALUES (90, 57, 'Gary Wong', 'ACC100090');
INSERT INTO Customer VALUES (91, 12, 'Brittany Fitzpatrick', 'ACC100091');
INSERT INTO Customer VALUES (92, 77, 'Eugene Clark', 'ACC100092');
INSERT INTO Customer VALUES (93, 50, 'Gregory Lucero', 'ACC100093');
INSERT INTO Customer VALUES (94, 41, 'John Blair', 'ACC100094');
INSERT INTO Customer VALUES (95, 74, 'Jessica Harris', 'ACC100095');
INSERT INTO Customer VALUES (96, 31, 'Susan Johnson', 'ACC100096');
INSERT INTO Customer VALUES (97, 38, 'Shelby Cox', 'ACC100097');
INSERT INTO Customer VALUES (98, 24, 'Megan Hall', 'ACC100098');
INSERT INTO Customer VALUES (99, 25, 'Brandon Melton', 'ACC100099');
INSERT INTO Customer VALUES (100, 24, 'Patricia Andrade', 'ACC100100');

-- Insert statements for Account
INSERT INTO Account VALUES ('ACC100001', 1, 4264.27);
INSERT INTO Account VALUES ('ACC100002', 2, 98148.67);
INSERT INTO Account VALUES ('ACC100003', 3, 26745.56);
INSERT INTO Account VALUES ('ACC100004', 4, 7839.44);
INSERT INTO Account VALUES ('ACC100005', 5, 68193.67);
INSERT INTO Account VALUES ('ACC100006', 6, 13892.22);
INSERT INTO Account VALUES ('ACC100007', 7, 15805.48);
INSERT INTO Account VALUES ('ACC100008', 8, 4825.52);
INSERT INTO Account VALUES ('ACC100009', 9, 8944.58);
INSERT INTO Account VALUES ('ACC100010', 10, 70232.96);
INSERT INTO Account VALUES ('ACC100011', 11, 83106.73);
INSERT INTO Account VALUES ('ACC100012', 12, 68666.34);
INSERT INTO Account VALUES ('ACC100013', 13, 83948.66);
INSERT INTO Account VALUES ('ACC100014', 14, 52932.82);
INSERT INTO Account VALUES ('ACC100015', 15, 52657.22);
INSERT INTO Account VALUES ('ACC100016', 16, 24314.67);
INSERT INTO Account VALUES ('ACC100017', 17, 22304.93);
INSERT INTO Account VALUES ('ACC100018', 18, 68267.96);
INSERT INTO Account VALUES ('ACC100019', 19, 82701.07);
INSERT INTO Account VALUES ('ACC100020', 20, 42522.9);
INSERT INTO Account VALUES ('ACC100021', 21, 28245.87);
INSERT INTO Account VALUES ('ACC100022', 22, 49772.88);
INSERT INTO Account VALUES ('ACC100023', 23, 64478.49);
INSERT INTO Account VALUES ('ACC100024', 24, 70322.33);
INSERT INTO Account VALUES ('ACC100025', 25, 98263.58);
INSERT INTO Account VALUES ('ACC100026', 26, 36379.39);
INSERT INTO Account VALUES ('ACC100027', 27, 33108.16);
INSERT INTO Account VALUES ('ACC100028', 28, 12419.62);
INSERT INTO Account VALUES ('ACC100029', 29, 59120.4);
INSERT INTO Account VALUES ('ACC100030', 30, 34191.78);
INSERT INTO Account VALUES ('ACC100031', 31, 19847.51);
INSERT INTO Account VALUES ('ACC100032', 32, 2604.69);
INSERT INTO Account VALUES ('ACC100033', 33, 27832.76);
INSERT INTO Account VALUES ('ACC100034', 34, 70827.98);
INSERT INTO Account VALUES ('ACC100035', 35, 37833.96);
INSERT INTO Account VALUES ('ACC100036', 36, 17877.7);
INSERT INTO Account VALUES ('ACC100037', 37, 43186.98);
INSERT INTO Account VALUES ('ACC100038', 38, 7157.05);
INSERT INTO Account VALUES ('ACC100039', 39, 78528.73);
INSERT INTO Account VALUES ('ACC100040', 40, 85676.94);
INSERT INTO Account VALUES ('ACC100041', 41, 22658.58);
INSERT INTO Account VALUES ('ACC100042', 42, 81894.91);
INSERT INTO Account VALUES ('ACC100043', 43, 63786.43);
INSERT INTO Account VALUES ('ACC100044', 44, 93715.45);
INSERT INTO Account VALUES ('ACC100045', 45, 60614.88);
INSERT INTO Account VALUES ('ACC100046', 46, 8325.69);
INSERT INTO Account VALUES ('ACC100047', 47, 13319.93);
INSERT INTO Account VALUES ('ACC100048', 48, 19663.54);
INSERT INTO Account VALUES ('ACC100049', 49, 83178.53);
INSERT INTO Account VALUES ('ACC100050', 50, 12849.85);
INSERT INTO Account VALUES ('ACC100051', 51, 10061.65);
INSERT INTO Account VALUES ('ACC100052', 52, 83550.6);
INSERT INTO Account VALUES ('ACC100053', 53, 12488.57);
INSERT INTO Account VALUES ('ACC100054', 54, 60944.91);
INSERT INTO Account VALUES ('ACC100055', 55, 20264.5);
INSERT INTO Account VALUES ('ACC100056', 56, 97098.5);
INSERT INTO Account VALUES ('ACC100057', 57, 72093.22);
INSERT INTO Account VALUES ('ACC100058', 58, 48444.13);
INSERT INTO Account VALUES ('ACC100059', 59, 72988.37);
INSERT INTO Account VALUES ('ACC100060', 60, 7047.4);
INSERT INTO Account VALUES ('ACC100061', 61, 68255.37);
INSERT INTO Account VALUES ('ACC100062', 62, 54879.31);
INSERT INTO Account VALUES ('ACC100063', 63, 62439.4);
INSERT INTO Account VALUES ('ACC100064', 64, 83754.36);
INSERT INTO Account VALUES ('ACC100065', 65, 7930.43);
INSERT INTO Account VALUES ('ACC100066', 66, 8125.2);
INSERT INTO Account VALUES ('ACC100067', 67, 30805.09);
INSERT INTO Account VALUES ('ACC100068', 68, 44170.8);
INSERT INTO Account VALUES ('ACC100069', 69, 7043.2);
INSERT INTO Account VALUES ('ACC100070', 70, 47245.99);
INSERT INTO Account VALUES ('ACC100071', 71, 60052.01);
INSERT INTO Account VALUES ('ACC100072', 72, 70232.99);
INSERT INTO Account VALUES ('ACC100073', 73, 39736.34);
INSERT INTO Account VALUES ('ACC100074', 74, 26753.19);
INSERT INTO Account VALUES ('ACC100075', 75, 90535.46);
INSERT INTO Account VALUES ('ACC100076', 76, 47551.4);
INSERT INTO Account VALUES ('ACC100077', 77, 90328.12);
INSERT INTO Account VALUES ('ACC100078', 78, 57407.09);
INSERT INTO Account VALUES ('ACC100079', 79, 70072.01);
INSERT INTO Account VALUES ('ACC100080', 80, 21138.05);
INSERT INTO Account VALUES ('ACC100081', 81, 76967.49);
INSERT INTO Account VALUES ('ACC100082', 82, 79076.18);
INSERT INTO Account VALUES ('ACC100083', 83, 16662.65);
INSERT INTO Account VALUES ('ACC100084', 84, 17033.45);
INSERT INTO Account VALUES ('ACC100085', 85, 53417.95);
INSERT INTO Account VALUES ('ACC100086', 86, 12604.07);
INSERT INTO Account VALUES ('ACC100087', 87, 92220.42);
INSERT INTO Account VALUES ('ACC100088', 88, 66894.98);
INSERT INTO Account VALUES ('ACC100089', 89, 2307.17);
INSERT INTO Account VALUES ('ACC100090', 90, 68446.79);
INSERT INTO Account VALUES ('ACC100091', 91, 90109.71);
INSERT INTO Account VALUES ('ACC100092', 92, 87605.66);
INSERT INTO Account VALUES ('ACC100093', 93, 91833.6);
INSERT INTO Account VALUES ('ACC100094', 94, 65244.42);
INSERT INTO Account VALUES ('ACC100095', 95, 39475.58);
INSERT INTO Account VALUES ('ACC100096', 96, 66104.0);
INSERT INTO Account VALUES ('ACC100097', 97, 16187.86);
INSERT INTO Account VALUES ('ACC100098', 98, 69391.45);
INSERT INTO Account VALUES ('ACC100099', 99, 46337.47);
INSERT INTO Account VALUES ('ACC100100', 100, 8828.31);

-- Insert statements for Employee
INSERT INTO Employee VALUES (1, 95, 'Anthony Terry', 'Manager');
INSERT INTO Employee VALUES (2, 70, 'Mariah Payne', 'Security');
INSERT INTO Employee VALUES (3, 18, 'Jessica Gibson', 'Clerk');
INSERT INTO Employee VALUES (4, 98, 'John Rogers', 'Loan Officer');
INSERT INTO Employee VALUES (5, 46, 'Anthony Bailey', 'Security');
INSERT INTO Employee VALUES (6, 87, 'Adam Brown', 'Security');
INSERT INTO Employee VALUES (7, 76, 'Daniel Franklin', 'Clerk');
INSERT INTO Employee VALUES (8, 92, 'Connie Lee', 'Security');
INSERT INTO Employee VALUES (9, 50, 'Lisa Miller', 'Loan Officer');
INSERT INTO Employee VALUES (10, 84, 'Joshua Barry', 'Manager');
INSERT INTO Employee VALUES (11, 1, 'Joseph Lee', 'Clerk');
INSERT INTO Employee VALUES (12, 90, 'Sergio Reed', 'Security');
INSERT INTO Employee VALUES (13, 21, 'Danielle Daniel', 'Clerk');
INSERT INTO Employee VALUES (14, 29, 'Jose Cruz', 'Loan Officer');
INSERT INTO Employee VALUES (15, 49, 'Dr. David Torres', 'Loan Officer');
INSERT INTO Employee VALUES (16, 5, 'Alexandra Simpson', 'Loan Officer');
INSERT INTO Employee VALUES (17, 90, 'Thomas Jenkins', 'Loan Officer');
INSERT INTO Employee VALUES (18, 99, 'Jeremiah Miller II', 'Manager');
INSERT INTO Employee VALUES (19, 22, 'Brittany Henson', 'Loan Officer');
INSERT INTO Employee VALUES (20, 9, 'Lonnie Meyers', 'Security');
INSERT INTO Employee VALUES (21, 90, 'Stacie Foster', 'Clerk');
INSERT INTO Employee VALUES (22, 58, 'Danielle Robinson', 'Loan Officer');
INSERT INTO Employee VALUES (23, 72, 'Diana Bell', 'Manager');
INSERT INTO Employee VALUES (24, 5, 'Ashley Lam DDS', 'Loan Officer');
INSERT INTO Employee VALUES (25, 42, 'Michelle Waters', 'Security');
INSERT INTO Employee VALUES (26, 60, 'Julia Walters', 'Manager');
INSERT INTO Employee VALUES (27, 54, 'Alan Mendez', 'Clerk');
INSERT INTO Employee VALUES (28, 71, 'Carrie Perry', 'Manager');
INSERT INTO Employee VALUES (29, 93, 'Shawn Osborn', 'Clerk');
INSERT INTO Employee VALUES (30, 2, 'Joseph Patterson', 'Loan Officer');
INSERT INTO Employee VALUES (31, 87, 'James Nelson', 'Loan Officer');
INSERT INTO Employee VALUES (32, 41, 'Krystal Hall', 'Manager');
INSERT INTO Employee VALUES (33, 28, 'Kimberly Campbell', 'Manager');
INSERT INTO Employee VALUES (34, 92, 'Stephanie Brown', 'Manager');
INSERT INTO Employee VALUES (35, 87, 'Garrett Brooks', 'Manager');
INSERT INTO Employee VALUES (36, 25, 'Mr. Chad Smith', 'Manager');
INSERT INTO Employee VALUES (37, 78, 'Holly Walters', 'Clerk');
INSERT INTO Employee VALUES (38, 39, 'Sherri Moore', 'Security');
INSERT INTO Employee VALUES (39, 89, 'William Taylor', 'Clerk');
INSERT INTO Employee VALUES (40, 13, 'Thomas Crawford', 'Loan Officer');
INSERT INTO Employee VALUES (41, 51, 'Tracy Young', 'Manager');
INSERT INTO Employee VALUES (42, 3, 'David Cruz', 'Security');
INSERT INTO Employee VALUES (43, 58, 'Brandi Jimenez', 'Manager');
INSERT INTO Employee VALUES (44, 33, 'Lisa Johnson', 'Clerk');
INSERT INTO Employee VALUES (45, 84, 'Katherine Parker', 'Security');
INSERT INTO Employee VALUES (46, 15, 'Kristi Martin', 'Clerk');
INSERT INTO Employee VALUES (47, 36, 'Rhonda Mclaughlin', 'Manager');
INSERT INTO Employee VALUES (48, 6, 'Michele Miller', 'Manager');
INSERT INTO Employee VALUES (49, 27, 'James Lee', 'Security');
INSERT INTO Employee VALUES (50, 72, 'Eddie Acevedo', 'Security');
INSERT INTO Employee VALUES (51, 47, 'Ethan Burgess', 'Manager');
INSERT INTO Employee VALUES (52, 96, 'Scott Barnett', 'Loan Officer');
INSERT INTO Employee VALUES (53, 92, 'Courtney Cooper', 'Loan Officer');
INSERT INTO Employee VALUES (54, 82, 'Alan Berry', 'Loan Officer');
INSERT INTO Employee VALUES (55, 48, 'Mark Gomez', 'Clerk');
INSERT INTO Employee VALUES (56, 27, 'Antonio Allen Jr.', 'Loan Officer');
INSERT INTO Employee VALUES (57, 76, 'Erin Nicholson', 'Security');
INSERT INTO Employee VALUES (58, 2, 'Matthew Taylor', 'Clerk');
INSERT INTO Employee VALUES (59, 20, 'Joann Thomas', 'Security');
INSERT INTO Employee VALUES (60, 43, 'Matthew Chandler', 'Security');
INSERT INTO Employee VALUES (61, 48, 'Jennifer Smith', 'Manager');
INSERT INTO Employee VALUES (62, 44, 'Kimberly Ballard', 'Manager');
INSERT INTO Employee VALUES (63, 6, 'Dr. Olivia Cunningham', 'Security');
INSERT INTO Employee VALUES (64, 21, 'Troy Jackson', 'Clerk');
INSERT INTO Employee VALUES (65, 75, 'Lisa Stanley', 'Security');
INSERT INTO Employee VALUES (66, 47, 'Melissa Miller', 'Loan Officer');
INSERT INTO Employee VALUES (67, 71, 'Ronald Thompson', 'Clerk');
INSERT INTO Employee VALUES (68, 38, 'Tina Kemp', 'Manager');
INSERT INTO Employee VALUES (69, 62, 'Sara Hoffman', 'Clerk');
INSERT INTO Employee VALUES (70, 7, 'Jessica Hancock', 'Security');
INSERT INTO Employee VALUES (71, 23, 'Mark Mckinney', 'Manager');
INSERT INTO Employee VALUES (72, 39, 'Amanda Peterson', 'Loan Officer');
INSERT INTO Employee VALUES (73, 43, 'Jamie Garrett', 'Security');
INSERT INTO Employee VALUES (74, 54, 'Kathleen Howard', 'Manager');
INSERT INTO Employee VALUES (75, 13, 'Judith Romero', 'Loan Officer');
INSERT INTO Employee VALUES (76, 61, 'Paul Morgan', 'Security');
INSERT INTO Employee VALUES (77, 44, 'Terry Smith', 'Manager');
INSERT INTO Employee VALUES (78, 62, 'Donna Harrison', 'Manager');
INSERT INTO Employee VALUES (79, 90, 'Joseph Arnold', 'Loan Officer');
INSERT INTO Employee VALUES (80, 55, 'Amanda Foster', 'Manager');
INSERT INTO Employee VALUES (81, 39, 'Gregory Williams', 'Security');
INSERT INTO Employee VALUES (82, 95, 'Zachary King', 'Clerk');
INSERT INTO Employee VALUES (83, 22, 'Michele Hickman', 'Loan Officer');
INSERT INTO Employee VALUES (84, 82, 'Pamela Farmer DDS', 'Manager');
INSERT INTO Employee VALUES (85, 9, 'Ruben King', 'Manager');
INSERT INTO Employee VALUES (86, 26, 'William Ballard', 'Clerk');
INSERT INTO Employee VALUES (87, 8, 'Dana Craig', 'Loan Officer');
INSERT INTO Employee VALUES (88, 2, 'Sheri Martin', 'Manager');
INSERT INTO Employee VALUES (89, 51, 'Brittany Mathis', 'Security');
INSERT INTO Employee VALUES (90, 58, 'Lauren Williams', 'Loan Officer');
INSERT INTO Employee VALUES (91, 75, 'Gregory Carter', 'Clerk');
INSERT INTO Employee VALUES (92, 55, 'Johnny Powell', 'Manager');
INSERT INTO Employee VALUES (93, 48, 'Christopher Kramer', 'Clerk');
INSERT INTO Employee VALUES (94, 34, 'Jessica Peterson', 'Clerk');
INSERT INTO Employee VALUES (95, 56, 'Nathan Browning', 'Clerk');
INSERT INTO Employee VALUES (96, 46, 'Mary Scott', 'Manager');
INSERT INTO Employee VALUES (97, 9, 'Andrea Boyle', 'Manager');
INSERT INTO Employee VALUES (98, 68, 'Ronald Moreno', 'Loan Officer');
INSERT INTO Employee VALUES (99, 97, 'Mark Riley', 'Clerk');
INSERT INTO Employee VALUES (100, 16, 'Lynn Daniels', 'Loan Officer');

-- Insert statements for Loan
-- Insert statements for Loan
INSERT INTO Loan VALUES (1, 51, 16541.59, '2023-11-03');
INSERT INTO Loan VALUES (2, 83, 6894.56, '2024-04-06');
INSERT INTO Loan VALUES (3, 28, 33053.68, '2022-10-29');
INSERT INTO Loan VALUES (4, 14, 13908.65, '2023-03-20');
INSERT INTO Loan VALUES (5, 49, 21273.89, '2022-12-28');
INSERT INTO Loan VALUES (6, 20, 9713.58, '2020-09-06');
INSERT INTO Loan VALUES (7, 77, 49234.51, '2024-03-18');
INSERT INTO Loan VALUES (8, 19, 30375.69, '2022-12-14');
INSERT INTO Loan VALUES (9, 82, 35596.83, '2022-10-06');
INSERT INTO Loan VALUES (10, 67, 27293.27, '2025-02-21');
INSERT INTO Loan VALUES (11, 42, 42509.01, '2025-01-19');
INSERT INTO Loan VALUES (12, 64, 33577.92, '2025-04-13');
INSERT INTO Loan VALUES (13, 26, 29426.41, '2023-04-09');
INSERT INTO Loan VALUES (14, 29, 5436.71, '2023-06-24');
INSERT INTO Loan VALUES (15, 91, 48315.49, '2022-03-08');
INSERT INTO Loan VALUES (16, 41, 41815.33, '2024-03-28');
INSERT INTO Loan VALUES (17, 5, 28629.83, '2021-10-09');
INSERT INTO Loan VALUES (18, 33, 32116.4, '2020-08-13');
INSERT INTO Loan VALUES (19, 20, 42905.0, '2024-11-30');
INSERT INTO Loan VALUES (20, 75, 18247.21, '2021-11-20');
INSERT INTO Loan VALUES (21, 91, 41317.49, '2025-05-11');
INSERT INTO Loan VALUES (22, 9, 40997.56, '2023-11-01');
INSERT INTO Loan VALUES (23, 67, 44100.29, '2023-08-21');
INSERT INTO Loan VALUES (24, 6, 7985.96, '2024-07-07');
INSERT INTO Loan VALUES (25, 17, 6828.44, '2020-11-15');
INSERT INTO Loan VALUES (26, 2, 39150.44, '2025-05-05');
INSERT INTO Loan VALUES (27, 58, 19876.75, '2024-01-25');
INSERT INTO Loan VALUES (28, 21, 41029.05, '2022-07-05');
INSERT INTO Loan VALUES (29, 84, 25733.08, '2020-09-12');
INSERT INTO Loan VALUES (30, 48, 27724.99, '2023-08-25');
INSERT INTO Loan VALUES (31, 68, 27609.29, '2025-01-24');
INSERT INTO Loan VALUES (32, 74, 9079.11, '2021-11-30');
INSERT INTO Loan VALUES (33, 67, 39103.09, '2022-03-22');
INSERT INTO Loan VALUES (34, 10, 38613.44, '2023-08-01');
INSERT INTO Loan VALUES (35, 97, 14274.72, '2024-10-17');
INSERT INTO Loan VALUES (36, 69, 45551.24, '2020-09-23');
INSERT INTO Loan VALUES (37, 54, 42156.35, '2022-09-08');
INSERT INTO Loan VALUES (38, 62, 43047.14, '2025-06-05');
INSERT INTO Loan VALUES (39, 50, 32334.35, '2022-08-17');
INSERT INTO Loan VALUES (40, 30, 43309.25, '2022-11-25');
INSERT INTO Loan VALUES (41, 3, 34564.3, '2022-02-21');
INSERT INTO Loan VALUES (42, 1, 38333.54, '2024-02-20');
INSERT INTO Loan VALUES (43, 39, 27808.6, '2021-03-25');
INSERT INTO Loan VALUES (44, 33, 19970.86, '2025-06-10');
INSERT INTO Loan VALUES (45, 64, 43694.75, '2024-05-18');
INSERT INTO Loan VALUES (46, 39, 39761.61, '2022-07-31');
INSERT INTO Loan VALUES (47, 50, 41451.69, '2024-05-23');
INSERT INTO Loan VALUES (48, 8, 12370.79, '2024-11-23');
INSERT INTO Loan VALUES (49, 17, 15752.83, '2021-06-02');
INSERT INTO Loan VALUES (50, 94, 42347.33, '2022-03-02');
INSERT INTO Loan VALUES (51, 8, 47383.79, '2021-12-19');
INSERT INTO Loan VALUES (52, 62, 23803.97, '2024-04-24');
INSERT INTO Loan VALUES (53, 63, 45048.27, '2021-02-13');
INSERT INTO Loan VALUES (54, 78, 37273.49, '2024-03-12');
INSERT INTO Loan VALUES (55, 87, 36441.34, '2023-12-04');
INSERT INTO Loan VALUES (56, 46, 23501.31, '2022-11-17');
INSERT INTO Loan VALUES (57, 79, 25982.55, '2022-09-19');
INSERT INTO Loan VALUES (58, 59, 7116.48, '2024-04-14');
INSERT INTO Loan VALUES (59, 61, 40016.68, '2023-08-06');
INSERT INTO Loan VALUES (60, 3, 6460.95, '2023-05-10');
INSERT INTO Loan VALUES (61, 80, 10971.59, '2021-05-03');
INSERT INTO Loan VALUES (62, 42, 9738.18, '2023-03-06');
INSERT INTO Loan VALUES (63, 71, 34204.65, '2020-10-27');
INSERT INTO Loan VALUES (64, 25, 22253.63, '2024-10-03');
INSERT INTO Loan VALUES (65, 100, 39985.74, '2020-08-29');
INSERT INTO Loan VALUES (66, 15, 44657.45, '2022-09-12');
INSERT INTO Loan VALUES (67, 79, 36536.78, '2022-04-17');
INSERT INTO Loan VALUES (68, 79, 33454.07, '2023-12-14');
INSERT INTO Loan VALUES (69, 44, 34271.25, '2023-11-09');
INSERT INTO Loan VALUES (70, 88, 37112.76, '2024-04-09');
INSERT INTO Loan VALUES (71, 38, 40485.49, '2023-11-17');
INSERT INTO Loan VALUES (72, 17, 48131.11, '2020-11-22');
INSERT INTO Loan VALUES (73, 50, 40970.35, '2025-07-10');
INSERT INTO Loan VALUES (74, 96, 44264.06, '2024-07-10');
INSERT INTO Loan VALUES (75, 88, 49252.91, '2023-08-01');
INSERT INTO Loan VALUES (76, 16, 28355.33, '2025-05-28');
INSERT INTO Loan VALUES (77, 25, 6718.3, '2021-08-23');
INSERT INTO Loan VALUES (78, 51, 25006.08, '2025-05-14');
INSERT INTO Loan VALUES (79, 97, 13571.49, '2022-12-07');
INSERT INTO Loan VALUES (80, 46, 40530.14, '2023-05-11');
INSERT INTO Loan VALUES (81, 10, 48042.39, '2020-10-09');
INSERT INTO Loan VALUES (82, 6, 26877.43, '2023-12-14');
INSERT INTO Loan VALUES (83, 4, 47515.25, '2024-08-05');
INSERT INTO Loan VALUES (84, 86, 30616.55, '2025-01-01');
INSERT INTO Loan VALUES (85, 28, 15334.49, '2021-09-19');
INSERT INTO Loan VALUES (86, 100, 41872.74, '2020-12-02');
INSERT INTO Loan VALUES (87, 81, 40072.81, '2021-04-05');
INSERT INTO Loan VALUES (88, 90, 28567.02, '2025-05-19');
INSERT INTO Loan VALUES (89, 65, 18739.02, '2023-07-10');
INSERT INTO Loan VALUES (90, 15, 11556.07, '2023-08-21');
INSERT INTO Loan VALUES (91, 73, 23992.54, '2020-08-08');
INSERT INTO Loan VALUES (92, 11, 47108.96, '2021-02-26');
INSERT INTO Loan VALUES (93, 54, 7831.53, '2022-03-10');
INSERT INTO Loan VALUES (94, 54, 39821.84, '2021-07-05');
INSERT INTO Loan VALUES (95, 94, 47954.92, '2025-03-01');
INSERT INTO Loan VALUES (96, 58, 24398.88, '2024-07-28');
INSERT INTO Loan VALUES (97, 54, 6356.04, '2020-12-06');
INSERT INTO Loan VALUES (98, 42, 37514.42, '2023-03-30');
INSERT INTO Loan VALUES (99, 11, 20862.64, '2020-10-12');
INSERT INTO Loan VALUES (100, 16, 21166.4, '2023-03-31');

-- Insert statements for BankTransaction
INSERT INTO BankTransaction VALUES (1, 4, '2024-05-26', 3519.91, 'Deposit');
INSERT INTO BankTransaction VALUES (2, 2, '2025-06-29', 8319.67, 'Deposit');
INSERT INTO BankTransaction VALUES (3, 47, '2023-11-01', 798.12, 'Deposit');
INSERT INTO BankTransaction VALUES (4, 27, '2025-03-11', 132.0, 'Deposit');
INSERT INTO BankTransaction VALUES (5, 96, '2024-12-01', 171.13, 'Withdrawal');
INSERT INTO BankTransaction VALUES (6, 89, '2024-02-25', 344.04, 'Deposit');
INSERT INTO BankTransaction VALUES (7, 19, '2024-06-06', 1951.22, 'Deposit');
INSERT INTO BankTransaction VALUES (8, 62, '2024-12-29', 3510.05, 'Withdrawal');
INSERT INTO BankTransaction VALUES (9, 17, '2023-11-14', 376.57, 'Deposit');
INSERT INTO BankTransaction VALUES (10, 47, '2024-10-31', 3416.63, 'Withdrawal');
INSERT INTO BankTransaction VALUES (11, 38, '2023-11-18', 9377.56, 'Withdrawal');
INSERT INTO BankTransaction VALUES (12, 24, '2024-06-04', 5970.89, 'Deposit');
INSERT INTO BankTransaction VALUES (13, 14, '2025-05-30', 5378.96, 'Withdrawal');
INSERT INTO BankTransaction VALUES (14, 21, '2024-03-20', 3828.23, 'Deposit');
INSERT INTO BankTransaction VALUES (15, 17, '2024-08-27', 8063.46, 'Withdrawal');
INSERT INTO BankTransaction VALUES (16, 66, '2023-09-11', 2504.1, 'Deposit');
INSERT INTO BankTransaction VALUES (17, 38, '2023-11-30', 3787.37, 'Deposit');
INSERT INTO BankTransaction VALUES (18, 17, '2023-11-01', 6051.96, 'Withdrawal');
INSERT INTO BankTransaction VALUES (19, 10, '2025-06-19', 7051.48, 'Deposit');
INSERT INTO BankTransaction VALUES (20, 54, '2023-11-08', 3063.93, 'Withdrawal');
INSERT INTO BankTransaction VALUES (21, 95, '2025-07-03', 9271.32, 'Withdrawal');
INSERT INTO BankTransaction VALUES (22, 39, '2024-08-03', 6405.96, 'Deposit');
INSERT INTO BankTransaction VALUES (23, 32, '2025-01-24', 4503.63, 'Withdrawal');
INSERT INTO BankTransaction VALUES (24, 82, '2024-12-06', 9494.43, 'Deposit');
INSERT INTO BankTransaction VALUES (25, 49, '2025-02-02', 4145.4, 'Withdrawal');
INSERT INTO BankTransaction VALUES (26, 94, '2025-03-11', 9022.5, 'Withdrawal');
INSERT INTO BankTransaction VALUES (27, 27, '2025-02-08', 3778.81, 'Withdrawal');
INSERT INTO BankTransaction VALUES (28, 12, '2023-09-01', 9507.66, 'Deposit');
INSERT INTO BankTransaction VALUES (29, 36, '2025-02-12', 1210.37, 'Deposit');
INSERT INTO BankTransaction VALUES (30, 90, '2025-04-26', 4517.03, 'Withdrawal');
INSERT INTO BankTransaction VALUES (31, 24, '2024-09-02', 7699.64, 'Withdrawal');
INSERT INTO BankTransaction VALUES (32, 23, '2023-08-29', 2554.78, 'Withdrawal');
INSERT INTO BankTransaction VALUES (33, 44, '2025-04-26', 9377.34, 'Deposit');
INSERT INTO BankTransaction VALUES (34, 46, '2024-09-30', 4678.11, 'Deposit');
INSERT INTO BankTransaction VALUES (35, 62, '2025-01-13', 7574.85, 'Withdrawal');
INSERT INTO BankTransaction VALUES (36, 1, '2025-02-23', 8318.72, 'Withdrawal');
INSERT INTO BankTransaction VALUES (37, 80, '2025-01-18', 4673.91, 'Deposit');
INSERT INTO BankTransaction VALUES (38, 39, '2024-11-28', 1233.13, 'Withdrawal');
INSERT INTO BankTransaction VALUES (39, 70, '2024-05-22', 6130.69, 'Withdrawal');
INSERT INTO BankTransaction VALUES (40, 91, '2023-12-13', 7538.39, 'Deposit');
INSERT INTO BankTransaction VALUES (41, 87, '2024-04-19', 5027.03, 'Deposit');
INSERT INTO BankTransaction VALUES (42, 70, '2025-04-08', 7643.75, 'Withdrawal');
INSERT INTO BankTransaction VALUES (43, 81, '2024-10-24', 9841.75, 'Deposit');
INSERT INTO BankTransaction VALUES (44, 35, '2025-04-18', 8848.81, 'Deposit');
INSERT INTO BankTransaction VALUES (45, 1, '2023-09-29', 2640.1, 'Withdrawal');
INSERT INTO BankTransaction VALUES (46, 57, '2023-09-27', 1110.11, 'Withdrawal');
INSERT INTO BankTransaction VALUES (47, 46, '2024-10-03', 2905.63, 'Deposit');
INSERT INTO BankTransaction VALUES (48, 77, '2023-12-09', 944.07, 'Deposit');
INSERT INTO BankTransaction VALUES (49, 34, '2025-04-18', 3125.48, 'Withdrawal');
INSERT INTO BankTransaction VALUES (50, 16, '2024-02-18', 5348.84, 'Deposit');
INSERT INTO BankTransaction VALUES (51, 98, '2023-12-30', 1719.19, 'Withdrawal');
INSERT INTO BankTransaction VALUES (52, 38, '2025-04-08', 2899.2, 'Deposit');
INSERT INTO BankTransaction VALUES (53, 74, '2024-02-14', 5278.29, 'Deposit');
INSERT INTO BankTransaction VALUES (54, 69, '2024-04-06', 1142.53, 'Withdrawal');
INSERT INTO BankTransaction VALUES (55, 95, '2025-01-21', 7807.65, 'Withdrawal');
INSERT INTO BankTransaction VALUES (56, 38, '2025-01-27', 4479.41, 'Deposit');
INSERT INTO BankTransaction VALUES (57, 21, '2024-02-09', 1320.65, 'Deposit');
INSERT INTO BankTransaction VALUES (58, 49, '2025-03-25', 4072.04, 'Withdrawal');
INSERT INTO BankTransaction VALUES (59, 18, '2024-02-13', 5640.17, 'Withdrawal');
INSERT INTO BankTransaction VALUES (60, 46, '2024-08-31', 6357.9, 'Withdrawal');
INSERT INTO BankTransaction VALUES (61, 28, '2025-07-22', 4819.48, 'Withdrawal');
INSERT INTO BankTransaction VALUES (62, 64, '2024-07-15', 6555.34, 'Deposit');
INSERT INTO BankTransaction VALUES (63, 57, '2025-07-02', 3071.83, 'Withdrawal');
INSERT INTO BankTransaction VALUES (64, 7, '2023-11-24', 8884.62, 'Deposit');
INSERT INTO BankTransaction VALUES (65, 4, '2025-03-05', 3618.47, 'Withdrawal');
INSERT INTO BankTransaction VALUES (66, 2, '2025-06-25', 8477.63, 'Deposit');
INSERT INTO BankTransaction VALUES (67, 88, '2024-07-09', 8684.39, 'Withdrawal');
INSERT INTO BankTransaction VALUES (68, 1, '2024-09-28', 3676.66, 'Deposit');
INSERT INTO BankTransaction VALUES (69, 80, '2023-11-22', 137.03, 'Withdrawal');
INSERT INTO BankTransaction VALUES (70, 82, '2023-08-25', 7026.89, 'Deposit');
INSERT INTO BankTransaction VALUES (71, 19, '2024-11-29', 7540.98, 'Withdrawal');
INSERT INTO BankTransaction VALUES (72, 25, '2024-10-23', 1144.06, 'Withdrawal');
INSERT INTO BankTransaction VALUES (73, 92, '2023-12-11', 3368.94, 'Deposit');
INSERT INTO BankTransaction VALUES (74, 43, '2024-12-06', 4274.93, 'Withdrawal');
INSERT INTO BankTransaction VALUES (75, 19, '2024-08-27', 4528.19, 'Deposit');
INSERT INTO BankTransaction VALUES (76, 68, '2023-08-22', 3229.11, 'Deposit');
INSERT INTO BankTransaction VALUES (77, 24, '2025-06-21', 4496.83, 'Withdrawal');
INSERT INTO BankTransaction VALUES (78, 55, '2025-03-06', 8087.78, 'Withdrawal');
INSERT INTO BankTransaction VALUES (79, 94, '2024-03-28', 2279.58, 'Deposit');
INSERT INTO BankTransaction VALUES (80, 57, '2025-04-22', 9406.34, 'Deposit');
INSERT INTO BankTransaction VALUES (81, 50, '2023-09-20', 429.46, 'Deposit');
INSERT INTO BankTransaction VALUES (82, 24, '2023-12-23', 3699.74, 'Deposit');
INSERT INTO BankTransaction VALUES (83, 30, '2024-12-11', 6146.72, 'Deposit');
INSERT INTO BankTransaction VALUES (84, 91, '2025-04-01', 8701.55, 'Withdrawal');
INSERT INTO BankTransaction VALUES (85, 99, '2024-07-15', 8786.83, 'Withdrawal');
INSERT INTO BankTransaction VALUES (86, 53, '2024-11-12', 4637.11, 'Withdrawal');
INSERT INTO BankTransaction VALUES (87, 75, '2024-01-28', 4600.56, 'Withdrawal');
INSERT INTO BankTransaction VALUES (88, 91, '2025-04-17', 4808.96, 'Withdrawal');
INSERT INTO BankTransaction VALUES (89, 35, '2024-07-17', 518.13, 'Deposit');
INSERT INTO BankTransaction VALUES (90, 21, '2024-09-04', 3563.04, 'Withdrawal');
INSERT INTO BankTransaction VALUES (91, 84, '2023-11-27', 170.59, 'Deposit');
INSERT INTO BankTransaction VALUES (92, 55, '2025-01-28', 6836.99, 'Withdrawal');
INSERT INTO BankTransaction VALUES (93, 72, '2024-04-11', 9221.78, 'Withdrawal');
INSERT INTO BankTransaction VALUES (94, 25, '2025-07-04', 3461.09, 'Deposit');
INSERT INTO BankTransaction VALUES (95, 78, '2024-12-16', 8840.04, 'Withdrawal');
INSERT INTO BankTransaction VALUES (96, 42, '2023-11-08', 5405.42, 'Withdrawal');
INSERT INTO BankTransaction VALUES (97, 33, '2024-07-31', 385.41, 'Deposit');
INSERT INTO BankTransaction VALUES (98, 25, '2025-03-17', 3750.17, 'Deposit');
INSERT INTO BankTransaction VALUES (99, 68, '2024-09-30', 3522.9, 'Deposit');
INSERT INTO BankTransaction VALUES (100, 33, '2023-09-09', 6759.41, 'Withdrawal');